0,1,2
13332033.0,12498613.0,11370201.0
19641142.0,17925418.0,16108866.0
4941861.5,6880576.5,7726699.0
1734613.4,1806211.1,1583303.8
599067.25,98317.2,-121006.93
1651493.9,2245214.2,2604839.0
6874715.5,7030842.5,6894262.5
11543907.0,10589620.0,9651377.0
5363096.0,7381764.0,10215226.0
1759505.4,4449533.5,6307069.0
9789084.0,9210771.0,8515198.0
5368576.5,6904640.5,7671733.5
15105101.0,13789020.0,12433900.0
6293360.0,7397660.0,7422439.5
89552424.0,79285224.0,79472104.0
3993137.2,6253291.0,7653524.5
7974703.5,7762004.5,7249654.5
24851366.0,23075348.0,20963912.0
13380024.0,12470292.0,11464673.0
3912368.5,5726545.0,6582271.0
25167084.0,23823260.0,21920294.0
17005518.0,16286757.0,15004565.0
2474206.2,3057327.5,3292757.5
10170377.0,9945260.0,9226790.0
4337762.0,6909888.5,9734959.0
9437266.0,9442892.0,9131270.0
5008488.0,6532325.0,7077215.5
4396936.5,5803293.0,6362027.0
59880812.0,53543412.0,47846452.0
4598129.5,7743848.0,10958666.0
7230374.5,7259001.0,6958706.5
4063511.2,4465444.0,4536725.5
5304842.5,5299527.5,5220987.5
4759653.5,4911281.0,4672855.0
73447656.0,60631012.0,56509104.0
2232868.2,2557537.0,2571754.0
16180769.0,14894510.0,13546983.0
1594170.0,2008457.6,2224358.5
4194672.0,5383944.0,5751096.0
2883292.5,3735210.8,4935511.0
2583915.2,3041289.5,3126642.5
3804676.2,3857119.0,3572484.0
3661555.0,6519355.5,8112780.0
22317188.0,20019582.0,17720720.0
2370234.5,3016163.2,3272038.8
3805351.2,5723847.0,6919206.5
7248551.5,6838836.5,6539415.5
4139693.8,8194759.5,10834083.0
16646299.0,15492077.0,14098517.0
1926248.9,2381003.0,2636222.8
4247217.0,4466388.5,4296283.0
2830757.5,3923474.8,4434390.5
6171802.0,5875783.5,5323373.0
22242168.0,19773216.0,17711286.0
-1241305.5,-1998178.5,-2330139.2
14748238.0,13706480.0,12478983.0
245384620.0,226104850.0,219959500.0
396087170.0,343533570.0,340653200.0
6705862.5,6525460.0,5986852.5
2643855.8,1646782.8,921825.8
4542474.5,4620857.0,4408176.0
20000468.0,18437782.0,16633726.0
3402738.2,3726377.2,3714844.8
8711741.0,10625780.0,11640944.0
4082071.0,6835162.0,8450873.0
5424086.5,8429404.0,10022173.0
12737375.0,12136442.0,11230564.0
2519348.2,2977886.2,3316578.0
60984416.0,54254610.0,48320270.0
9232027.0,8906346.0,8348494.0
2304109.0,3902340.0,6749716.0
7385528.0,7409177.0,6991238.0
3268247.0,3830289.0,4794497.0
33280874.0,30220834.0,27161436.0
5368576.5,6904640.5,7671733.5
2053488.0,2474516.0,2561857.8
1103007.1,1778728.9,2089390.6
7629963.0,7803729.0,7381814.0
4690118.5,8199735.5,10210304.0
10530016.0,9893080.0,9138723.0
23258666.0,20941078.0,18549718.0
4475097.0,4799273.0,4860275.5
2633810.0,3106987.5,3179126.0
5073288.5,5426662.0,5309435.5
2810080.0,3620543.8,4684707.0
2595828.5,3313845.5,3638266.8
5355116.5,7940860.5,9203409.0
3529941.2,3728500.0,3561690.0
13058782.0,11741092.0,10666654.0
4161670.8,6259212.5,7398620.5
3376263.8,5532860.0,6288938.0
7419804.0,10116950.0,11447372.0
25602314.0,22840118.0,20216026.0
2746190.0,2511264.0,2433532.2
9759163.0,9928320.0,9560309.0
1615345.0,1901500.2,1902343.1
7312313.0,7232639.0,6756595.0
40289564.0,34953150.0,30492664.0
81047210.0,73802536.0,67534970.0
17893366.0,17013354.0,15600841.0
3682127.2,4673405.5,5079725.5
5905961.0,6283352.0,6129846.0
5034561.0,5610532.0,5394418.0
3331817.8,3337843.2,4195452.0
1861166.8,2530724.0,2920743.0
5407987.5,5388675.5,5115684.5
41885710.0,37655064.0,33687610.0
50333764.0,44736864.0,39773370.0
16699962.0,15005320.0,13173640.0
3182856.5,3018215.0,3586158.5
24065032.0,21473454.0,18952686.0
17444836.0,16095704.0,14744536.0
29530562.0,25618232.0,22224120.0
2273340.2,1873556.6,1720941.8
136883540.0,122522310.0,120969860.0
5327190.0,5245007.5,5004798.0
23300620.0,22270116.0,20594326.0
7943484.5,7636993.5,7092380.0
2240190.0,2880165.0,3265687.0
12304351.0,11430038.0,10378074.0
5190239.5,8666566.0,10391929.0
2567813.5,903825.8,125021.54
17181926.0,16190394.0,14738983.0
2190348.0,2937611.5,4583629.0
4598129.5,7743848.0,10958666.0
102394104.0,95547070.0,88106550.0
3272316.2,3334667.5,3239428.0
19476516.0,18029086.0,16338914.0
3134958.0,5158731.5,6231811.5
6175137.5,6227750.5,5983412.0
1654816.0,2886090.2,6016816.5
10639130.0,10227383.0,9642440.0
2682341.8,4809097.0,9074223.0
11262727.0,10519322.0,9773157.0
5565932.5,5744412.0,5711277.0
7212670.0,6459950.0,5637333.0
35385216.0,33032848.0,31173086.0
3447260.2,4374345.0,4650659.0
15748575.0,14504118.0,12936044.0
3563304.8,3837979.0,4266621.0
13723508.0,13139638.0,12297061.0
3560452.0,4011074.5,4060591.2
4448994.0,4987926.5,5094258.0
43778144.0,39148800.0,38137184.0
9239272.0,8796776.0,8381106.5
2585929.0,3461033.0,3918555.0
12504930.0,12053234.0,10997831.0
4187625.8,5581794.0,6110202.0
28460660.0,24937470.0,21771640.0
3474144.2,3962845.0,4092858.2
6077428.0,6037021.0,5639914.5
5607997.0,5652607.5,5395050.5
2109627.0,3185049.2,6207011.5
2719321.5,2662186.8,2570896.5
2298973.8,2764978.8,2852586.5
2767895.5,4637351.0,5514539.5
16468803.0,15851641.0,14637116.0
3612565.0,4296909.5,4588022.0
2794374.5,7233902.5,10418666.0
33177008.0,29930656.0,26780728.0
17825528.0,16746679.0,15330098.0
4316795.5,4622726.5,4557905.5
2417135.5,2537170.8,2633920.2
1939409.8,2439771.2,2649644.0
5993219.0,5967750.0,5665452.5
203275140.0,189975150.0,175633550.0
4982992.0,5149922.5,5045146.0
9101751.0,8720904.0,7932777.0
3282552.8,3591096.5,3643300.0
3642685.0,5033911.0,5639998.0
1701624.0,3180712.2,6406772.5
2351984.5,2831384.5,2902050.5
6547220.5,6523868.5,6121736.0
2885439.8,3608042.0,3807617.8
9817895.0,9337379.0,8688219.0
2460211.5,3387947.2,4446239.0
30015760.0,27931896.0,26296422.0
25979912.0,23457804.0,20939766.0
4419532.0,4826212.5,4757938.5
18328196.0,16368058.0,14623768.0
2922459.0,3743120.5,4265574.0
4080837.5,6155128.0,7278623.5
2355544.0,2790518.0,2981091.0
55700464.0,50495620.0,45522060.0
17291810.0,16071356.0,14538266.0
4270748.5,4834869.0,5711261.5
3398452.5,3670577.0,3648155.0
9346743.0,23713976.0,27188030.0
1992711.5,2535492.8,2932297.5
59638776.0,53282064.0,47590304.0
2035212.8,2497109.8,2847104.0
4410917.0,7220506.0,8985532.0
16668681.0,16606222.0,15699980.0
23097760.0,20757760.0,18427206.0
17008290.0,15182530.0,13396616.0
37235740.0,35316628.0,33006434.0
1937319.8,2900211.8,3533473.2
2286141.0,3130991.8,5219370.5
2902191.0,3695207.5,5519473.0
2082560.5,2870535.8,3371566.5
3173515.8,4699727.0,5591976.0
7925633.5,7660236.0,7251139.0
3150424.0,4510443.0,5786940.0
5896096.5,6218655.0,6197833.5
2546451.5,4082154.2,6940033.0
2064389.6,2492235.8,2584324.5
1978619.1,2572663.5,2878643.0
12124749.0,11731186.0,10936338.0
2440659.2,3095427.2,3341731.8
3105686.5,2211807.0,4643123.5
32887434.0,27373664.0,23038002.0
4240086.5,5624319.5,6201586.5
5032244.0,4956319.5,4864411.0
3334386.2,3176193.5,2937579.8
1005343.25,14730620.0,18801612.0
5368576.5,6904640.5,7671733.5
4541005.0,6815097.5,7939111.0
23580954.0,20437438.0,17948186.0
3783180.2,3958225.0,3964617.0
25343918.0,24204962.0,22399864.0
4902939.5,8671874.0,10850201.0
28545596.0,25431102.0,22521032.0
10529974.0,10052471.0,9339404.0
5325718.0,8948025.0,10987666.0
6330353.0,7672099.0,7826839.5
4048566.8,4159708.0,3965374.2
2668629.0,3110229.0,3152413.8
8978608.0,8735266.0,7949566.0
26312390.0,23410674.0,20692808.0
34638244.0,30336896.0,26605996.0
5368576.5,6904640.5,7671733.5
7322144.5,7103201.0,6747162.0
4746587.5,5225368.0,5163168.5
3074895.8,4874705.0,7144255.0
8920448.0,8899080.0,8473835.0
20933772.0,19055848.0,17065944.0
2205324.0,2872310.5,3192542.0
-634090.3,-153266.86,-32227.87
9246778.0,19386154.0,23149022.0
18821238.0,17333786.0,15674850.0
4063352.5,5194848.5,5532658.0
3998987.2,4495648.0,4573580.5
4515200.5,7212699.0,8590437.0
5956558.5,5806362.0,5624985.5
2808971.8,3090738.5,3214214.0
11777186.0,10512825.0,9364564.0
2028244.1,2713731.2,3236315.8
2663310.5,3340770.0,3670932.5
2017935.0,2491294.5,2774055.0
5355116.5,7940860.5,9203409.0
38837684.0,36742856.0,33307452.0
22407168.0,20896352.0,19013566.0
3129293.2,3126175.0,2952641.0
2848946.2,2994222.5,3147214.8
145572.28,15546552.0,29602468.0
2434989.2,2993226.0,3130798.8
126516940.0,112758510.0,100862080.0
4856133.0,7056965.5,8083545.0
3018608.0,4029635.8,4521623.5
5402591.0,5832121.5,5753470.0
5028229.0,10818277.0,14233187.0
36720172.0,32490042.0,28714234.0
2582129.5,3706199.8,4376334.5
3439936.0,4363187.0,4637166.0
2248265.2,2885615.8,3179884.0
25178288.0,23219402.0,21013152.0
11266665.0,10637631.0,9803512.0
3611945.5,3929730.2,3864266.8
6586475.5,6514404.5,6228380.5
2845324.8,3205715.5,3613463.2
13512662.0,12005152.0,10978604.0
1844392.6,2155302.0,2389502.2
1387211.2,1856014.1,2184077.2
97658104.0,92480344.0,86565390.0
8630147.0,8250991.5,7625852.0
986917.06,1593160.8,1885667.1
5433749.5,8416846.0,9992683.0
3871778.0,4261528.5,4398404.5
10393624.0,9599030.0,8744909.0
29559158.0,26565908.0,23676272.0
40638908.0,36670052.0,32876210.0
7411775.0,7561008.5,7460649.5
1768556.6,1792762.5,1713094.9
23664412.0,21245718.0,18867454.0
3816028.2,8053633.0,10879230.0
2807871.0,3056790.8,3147288.5
19558924.0,18064136.0,16275544.0
17930282.0,16507562.0,14815183.0
3951473.5,4108140.0,4074208.0
4920701.0,5064983.0,4979620.0
3062881.0,3625182.2,3694635.0
27736598.0,25680660.0,23295672.0
2024030.0,2525518.5,2713039.8
2152043.5,4981179.5,6695812.0
12370582.0,11943308.0,11050667.0
1692386.6,2027703.1,2775741.5
4424882.5,4435948.5,4288223.0
7127037.0,7090846.5,6701127.0
6672216.0,8080099.5,11964691.0
5388327.0,5874933.0,5750638.5
2533644.0,3017516.8,3107890.2
91334660.0,86945970.0,81987590.0
6334001.5,6386594.0,6147512.0
539032.6,2143531.8,3173639.8
3159642.8,3517125.0,3597358.5
1955351.8,3006513.8,3786956.0
2821769.0,3089863.2,3254853.5
2565607.5,3169051.0,3321797.2
4063278.5,4282255.5,4313481.5
5753264.0,6102055.5,5920231.0
97609250.0,97555760.0,93856980.0
2528464.8,3479686.2,4792926.0
2480932.8,2800480.2,3507584.0
173635580.0,161289380.0,148467950.0
36596770.0,33591996.0,30430786.0
3548575.8,2998935.0,2663729.5
34423016.0,32066966.0,29312680.0
55833000.0,49663450.0,44207410.0
3838966.2,5075556.0,5567908.5
2024554.8,3373803.0,5417903.5
6698248.0,7941816.5,8189583.0
13286754.0,12373189.0,11429358.0
1766459.1,2724660.0,4697444.0
1118030.6,1759853.5,2066803.1
31661658.0,28345822.0,25179122.0
1797799.1,2571302.8,3077019.8
6486085.0,6031702.5,5271398.0
7885592.5,7340868.0,6781876.5
5229044.5,11187601.0,14088502.0
2655524.8,4811701.5,7412915.0
2066829.4,5078792.5,7161368.5
1909159.5,2683463.8,3159133.8
2112867.2,2570348.0,2817321.2
28135772.0,25855402.0,23375420.0
3935232.5,4336137.0,4405491.0
1528688.4,2911898.5,4238157.5
3159642.8,3517125.0,3597358.5
5158817.0,5613708.0,5614662.0
5066739.5,5130682.5,4981498.5
5162336.0,7751862.0,9060071.0
439314.1,-1226871.8,-2324566.2
3189655.2,3485364.0,3566209.8
12253855.0,11211065.0,10052151.0
9114012.0,8780204.0,8162344.0
8540970.0,8255956.0,7539207.0
2563363.5,3018281.2,3195995.8
4087659.5,7267873.0,9001234.0
87799360.0,83167736.0,77364640.0
4665068.5,4996795.5,5138733.5
2569242.8,3345712.5,3650713.5
36414028.0,32295158.0,28589322.0
16877528.0,15692541.0,14166307.0
2434989.2,2993226.0,3130798.8
9644944.0,8995660.0,8230661.0
8440671.0,8272989.5,8069725.0
3865012.2,4248838.0,4289513.0
1350174.6,1975994.0,2226524.0
7453210.0,7344000.0,7032813.5
1850746.6,3397444.5,4333274.0
2009842.4,2521355.5,2799265.2
10549946.0,10160769.0,9409315.0
5916161.5,5664521.0,5394380.5
5388559.5,5253730.5,4929351.5
39543292.0,36250256.0,32833882.0
2177000.0,3426350.0,4840298.0
4316795.5,4622726.5,4557905.5
2733302.2,3149784.8,3281061.2
2302639.5,2855858.2,3093950.0
2457360.0,3472996.8,4329069.0
3605259.5,5765188.0,7044947.0
4064297.8,5251494.0,5640351.5
10647966.0,10098490.0,9455333.0
2600815.2,3209857.2,3359167.0
4301002.5,5535059.0,5920087.0
2773647.0,3355635.2,3512740.5
17348868.0,15693699.0,14203726.0
6057816.5,6282419.5,6026323.5
10732700.0,9832911.0,8794884.0
3074194.8,3584665.5,3660841.0
1162853.4,1592849.8,2366485.5
19044118.0,17596444.0,15850094.0
2956587.2,1943181.8,1406479.1
1706002.4,2327336.0,2707782.2
3275212.0,3851327.5,3908872.5
10912037.0,10398770.0,9578043.0
28693082.0,27242182.0,25152798.0
3572119.8,4178423.8,4264376.0
2447674.8,2899445.2,3131077.5
1958583.6,2902569.0,3807441.5
7529242.0,7373957.0,6761245.5
-367437.5,2539423.8,10303192.0
14857833.0,13550766.0,12313446.0
2231042.5,2803518.0,3125086.0
2048371.9,2485356.8,2592364.2
1903437.1,2586080.0,3058427.0
1867371.1,2272110.5,2803644.8
28549426.0,27376654.0,25431664.0
5989511.5,6480011.0,6346897.0
15111661.0,14713617.0,13893881.0
3468898.8,4437315.0,4754817.5
20284318.0,17586280.0,15476086.0
32321678.0,29451420.0,26522618.0
186264.19,-69158.5,-233255.1
6830604.5,6515213.0,5967053.0
2716162.2,3679419.8,5531236.5
12391607.0,11538201.0,10478830.0
5240518.0,4887809.0,4479311.5
26914364.0,28407158.0,20635048.0
3112939.5,3610286.2,3830325.2
6784488.0,6534273.5,6171520.5
8399715.0,8139522.5,7517473.5
14019469.0,13317274.0,12311081.0
1660337.9,3115463.5,5433508.5
3834551.2,9442111.0,13561280.0
5941412.5,15473409.0,19816924.0
1920358.1,2336560.5,2589118.2
2209103.2,2832628.0,3305861.5
2021631.0,1917055.5,1832370.4
9979404.0,9784744.0,9080366.0
3453473.2,3591974.0,3494239.0
23388072.0,20924384.0,18516658.0
2918398.0,3287864.0,3450447.8
75986000.0,75258700.0,71951080.0
14462246.0,13504861.0,13881786.0
1449994.6,1678533.2,1714484.6
13398474.0,12558405.0,11381471.0
2767895.5,4637351.0,5514539.5
10428107.0,10327174.0,9594197.0
3751170.8,4969826.0,5512291.0
2759726.0,3373457.0,3556751.0
7064436.5,6967211.5,6644625.0
4522898.5,6042809.5,7805690.5
4063352.5,5194848.5,5532658.0
2766917.0,3511662.5,3795143.5
3714476.2,5351414.5,6295384.0
1873087.2,2283312.5,2408704.5
2101989.0,4594053.5,8585601.0
1589632.4,3588409.0,7584769.5
72262720.0,69496240.0,65220410.0
17693578.0,15958020.0,14149331.0
44635060.0,41457948.0,37909790.0
13146787.0,12049360.0,10756960.0
4943532.0,5172853.0,4949683.5
2726236.0,3432384.5,3657630.2
12005810.0,11214562.0,10307543.0
1882481.0,2337818.5,2511237.0
3486090.8,3640522.8,3688890.5
20499478.0,18155402.0,16329081.0
5530207.0,5404617.0,4996678.0
4822682.0,4872855.5,4814809.5
16075356.0,15804232.0,14752606.0
1273407.5,2284519.2,2827618.8
35605850.0,31619510.0,28010784.0
13299370.0,12388208.0,11299793.0
3138240.8,3999889.2,4726088.5
5659669.5,5802894.5,5689543.5
31321330.0,27555524.0,24214328.0
7912564.5,6937228.0,6004194.5
4609844.5,3830335.2,3347712.8
1829531.9,2538838.8,3069412.8
1457038.5,1837484.4,1926226.0
12684690.0,11521478.0,10190773.0
3040877.8,3503175.8,3557079.8
7693862.5,14449771.0,17065318.0
8777130.0,7739010.0,6997903.0
5546111.5,6096403.0,6199575.5
4983946.0,7106777.5,8099217.0
3129293.2,3126175.0,2952641.0
1613275.8,663348.9,484633.84
52089290.0,46843916.0,41988652.0
2582339.2,3422206.5,5491267.0
3975212.0,5279215.0,5763962.0
67166240.0,65461308.0,62929596.0
1994144.9,2499518.8,2699828.5
3319907.5,3823423.5,3922912.0
12823429.0,11969763.0,10884802.0
2960971.0,4380907.5,7432849.5
3082068.5,3389638.0,3328955.5
22287234.0,19773780.0,17664006.0
1266680.4,1682747.4,1787408.6
4939788.0,5090452.5,4803286.0
8327219.0,7599728.5,6893564.0
3375190.5,3014900.0,2527248.5
3448666.0,6514668.5,9262044.0
6189837.0,6312386.0,6069583.5
9043450.0,8879809.0,8178942.5
1615623.6,2600133.8,4862601.5
34624610.0,33117394.0,30789406.0
46051416.0,42512076.0,40109960.0
3786779.8,4029448.2,4161181.5
3825946.0,4944566.0,5485814.5
2260949.5,3301464.5,3986368.8
5004030.0,5374189.0,5288352.5
13417997.0,12250761.0,11023035.0
3391990.8,3809304.0,3845593.0
66805324.0,66896970.0,64338024.0
11459225.0,10808565.0,9817502.0
13982929.0,12905309.0,11687692.0
50228732.0,46251716.0,43039870.0
21187890.0,19547920.0,17650274.0
27502594.0,25593878.0,23322266.0
9925957.0,9535285.0,9058100.0
1551007.2,2710642.5,3864256.0
5185533.0,8239186.0,9887961.0
2186583.8,2543180.5,2764402.5
3779457.8,4491749.5,5028768.5
5355116.5,7940860.5,9203409.0
3892393.8,3348748.5,3047982.5
20956508.0,18890984.0,16791554.0
2823083.2,3292300.5,3822319.8
154285900.0,157057460.0,151111920.0
4805166.0,17360430.0,27672664.0
3886097.8,7288926.5,10935336.0
1921168.5,2809487.2,4578314.0
17898340.0,16049843.0,14275433.0
4117743.8,4382901.0,4461073.5
3193610.5,4875126.0,7843337.5
4040019.8,4539391.5,4624883.5
2767895.5,4637351.0,5514539.5
12177400.0,11397978.0,10425865.0
68734500.0,65288996.0,60797640.0
5512957.5,5645855.0,5535952.0
2498521.0,5830629.0,11846325.0
4598129.5,7743848.0,10958666.0
3433611.8,4137506.0,4549172.5
3676735.2,3844790.5,3905141.2
3248387.5,3882974.0,4192373.0
4528658.5,4629984.0,4525831.5
2463573.2,2953312.2,3082794.0
16740432.0,16662723.0,15704794.0
2475671.2,3050857.5,3196435.2
4029062.2,6199610.0,7289093.5
2635249.8,3360102.2,3663006.2
2186782.5,2821227.8,3115227.0
2947298.0,4593750.5,5698874.5
12543242.0,11504249.0,10465627.0
8484371.0,7920194.5,7319671.0
13201822.0,12630527.0,11808245.0
1921673.4,2521206.0,2828585.5
7604080.5,7065033.0,6190967.5
3393715.0,3707351.8,3742216.5
13825384.0,12912627.0,11659883.0
3198548.5,3253400.0,3097438.5
1685420.9,1800832.2,1733968.4
2123487.8,2574221.2,2675956.0
4677383.0,4955656.0,4922804.0
13491930.0,12569498.0,11309928.0
1140164.4,1306887.9,1358747.5
7604619.5,7074845.0,6429291.0
2954566.0,3822795.2,5505990.0
73432670.0,69656670.0,64833064.0
6022846.5,5808645.0,11854712.0
2037717.8,3737339.5,6061680.5
4827388.5,4785109.5,4432469.0
2200111.0,2089448.5,1985326.6
3170673.2,3582425.8,3647483.8
1803935.8,2106141.0,2127406.2
1613411.8,3115931.0,4574129.0
5842916.5,6004061.5,5689451.5
12544551.0,11491150.0,10330795.0
2213204.2,2516406.8,2493418.2
1895617.4,2391033.0,2607487.0
3560215.0,2841537.2,2218317.0
1173089.8,790526.44,549567.06
37441176.0,34143264.0,30806854.0
3772089.5,4052151.0,4063501.2
1785177.6,2524366.2,4108721.2
29414230.0,26002918.0,25057416.0
3667685.8,4015224.0,4051122.5
8458103.0,7891707.0,7208626.0
3448642.0,3100914.5,3128143.2
9841427.0,9106116.0,8352285.5
992352.06,921098.1,742289.2
10311855.0,9519306.0,8659213.0
4983946.0,7106777.5,8099217.0
2627956.8,5514368.5,7244106.5
2998603.8,3299728.8,3498833.5
13789240.0,12391018.0,11169730.0
14060049.0,12561171.0,11153403.0
3159642.8,3517125.0,3597358.5
28088208.0,25388664.0,22704654.0
2174945.8,2923556.8,3392997.2
14631364.0,13903751.0,12780336.0
4975945.0,6604216.5,8107494.0
2785328.0,3091246.2,3539121.2
35110976.0,31150942.0,27574108.0
2049001.9,3384851.0,5219176.5
107687.3,2124987.0,3290185.2
52737890.0,48410390.0,43983530.0
2713203.5,4062184.0,4727753.5
5189348.0,9354735.0,11802455.0
3134798.5,3506122.8,3894360.5
13965735.0,13049978.0,11893324.0
7872301.5,7218785.0,6651914.5
3612078.5,3921160.2,3998983.5
1244688.4,1755212.8,1955182.5
3958472.0,4335705.0,4393889.0
2147515.0,3396168.8,5808062.5
9273221.0,8400076.0,7570131.5
23667828.0,21296930.0,18931100.0
2929177.2,3728498.8,4960078.5
13872291.0,12782348.0,11674048.0
3222474.0,3750413.5,3831038.2
8865545.0,7951872.0,6992099.0
8611219.0,8744071.0,8241281.0
12250199.0,11232372.0,10580236.0
3279262.0,4517572.5,7045034.5
8316490.5,8272074.0,7840889.0
4154028.2,2829755.8,2091084.4
11340422.0,10532239.0,9552074.0
3784805.8,5505047.5,6524302.5
13384644.0,12524939.0,11383005.0
2567551.5,3349920.5,4995733.0
4316795.5,4622726.5,4557905.5
1705705.5,2349899.5,5320339.0
3831378.5,4640434.0,4805788.5
9537498.0,9566961.0,8977122.0
4187838.8,4925734.5,5024929.0
20332998.0,18515532.0,16561935.0
11910377.0,11111470.0,10246246.0
9838342.0,9332856.0,8660364.0
4965567.5,7153867.5,8544435.0
5626560.5,5689524.5,5515792.0
2029319.9,1477392.5,714926.1
7974019.5,7623642.5,7055255.0
4064299.8,6108253.0,7119552.0
42389410.0,38255970.0,34316744.0
9886138.0,9555703.0,8693468.0
4727942.5,4720633.5,4373377.0
2105210.0,2682336.0,2990492.8
2273287.0,2430176.8,2707690.0
3155101.8,3505192.5,3641965.5
2268220.8,3686943.2,4435939.0
12136910.0,12060563.0,11253967.0
2180581.5,2652510.8,2757970.8
6100055.5,6335102.0,6091643.5
1238314.4,875032.3,632279.06
22360288.0,20236496.0,18125578.0
2577317.5,3506030.8,5387434.5
4698257.5,7313290.5,10043314.0
12234953.0,11300133.0,10169478.0
9692303.0,9197602.0,8467276.0
9131213.0,8639441.0,7995920.5
2709475.5,2921531.0,2935422.0
23088658.0,21115126.0,18983292.0
2159059.0,3405007.0,5077884.0
2433474.2,2936116.5,3010578.5
5117225.0,5274474.5,5146071.5
4080837.5,6155128.0,7278623.5
32865754.0,31273812.0,30710786.0
16594386.0,15674569.0,14244728.0
1263907.6,1551107.0,1584937.1
4192621.8,7016527.0,8624758.0
6597748.5,6802410.0,6605827.0
1623466.8,2755358.5,3355976.0
2837622.5,3527472.8,4445110.5
10477646.0,9984334.0,9235679.0
8359695.0,31751480.0,31872898.0
2567966.5,3787577.2,4824962.5
69985.28,-253126.38,-395660.9
2313370.2,2868019.5,3039189.5
16215322.0,15010649.0,13758854.0
3864891.0,4489932.5,4545510.5
2756340.8,3200535.5,3118011.8
13708098.0,12571284.0,11165015.0
5192565.0,5621575.0,5606027.0
2805697.2,3178478.5,3200521.2
1986691.0,2178856.8,2121826.0
7674454.5,7543966.0,7153464.5
4130736.5,4507851.5,4685200.0
49927430.0,46283380.0,42733244.0
6690206.0,6619536.0,6374271.5
2604549.0,3301431.5,3554818.8
6273653.0,6413121.5,6334044.0
2173711.5,3516591.5,5821421.0
15576506.0,14305719.0,12737401.0
11729798.0,10513125.0,9334724.0
3095495.2,3226181.5,3258419.8
43436028.0,40676116.0,37381932.0
11230630.0,10469148.0,9520642.0
2480824.2,4401867.0,6832961.0
14666982.0,13951261.0,12762597.0
25790430.0,24222062.0,22186512.0
1673774.5,3073668.8,4207440.5
4014973.0,6257499.0,7378929.5
207823730.0,192146480.0,174787870.0
1877274.6,10368054.0,17571892.0
10081835.0,9647247.0,8964849.0
2830873.0,3613474.5,4441641.5
88888900.0,75280536.0,64876760.0
14785517.0,13154003.0,11837487.0
40771252.0,37099020.0,33453218.0
2010100.6,3202010.0,6454461.5
17851234.0,15594340.0,13739006.0
2766854.8,4994178.0,6805918.5
4329726.0,4172899.0,4008013.8
1934639.6,2399700.2,2570563.5
21414942.0,21012048.0,20672668.0
4454322.0,4722207.0,4666919.5
31970214.0,29324818.0,26689236.0
13916902.0,12678409.0,11478677.0
1432769.4,1133069.4,893562.94
12115776.0,11541441.0,13898840.0
9658189.0,8923566.0,8081703.0
1498681.0,20633004.0,37510736.0
22618218.0,20835136.0,18798852.0
2726705.0,3187171.5,3397726.5
77997940.0,70083800.0,62923000.0
5123203.5,5288487.5,5219287.5
96642480.0,88667496.0,81220080.0
4606489.5,6716891.0,7704070.5
1491613.9,2002182.6,2148090.0
2876582.5,3489495.0,3706053.0
3150376.0,5646655.0,7024723.0
43191316.0,38899476.0,34849156.0
2597959.2,4242133.5,8619811.0
18432660.0,16885592.0,15184558.0
1805421.5,2655331.8,4629175.5
696847.1,1860433.6,4156773.5
2478023.2,2943755.0,2963591.2
3650339.8,4357612.5,5458691.0
11738865.0,11044910.0,9979832.0
2804363.0,3403036.2,4325326.5
1851351.8,2270928.8,2413079.0
2763136.2,3418577.5,3575567.5
2728946.8,1308878.9,601217.56
55741276.0,47505744.0,40974580.0
1928813.8,2134577.8,2216943.0
5277390.0,5037073.0,4827138.5
2538202.0,3055984.8,3848176.2
4128327.2,7236232.0,8918948.0
2591595.8,3208669.5,3427143.0
2175745.5,5537126.5,8627789.0
1350174.6,1975994.0,2226524.0
2598162.8,3241253.0,3430213.5
9645746.0,9118685.0,8320876.5
6073676.0,6097454.0,5951505.5
1996945.1,1922909.2,1760107.5
17161364.0,15199034.0,13375499.0
5040079.0,9070064.0,11454276.0
3184188.5,3621184.5,3762022.0
12458058.0,11660134.0,10652553.0
2903838.2,2805311.0,2715840.5
16673420.0,15156256.0,13527269.0
3781363.0,3309529.2,3025145.5
2186389.8,2377799.0,3026225.2
36421584.0,34004390.0,31141984.0
2719460.8,3269245.2,3590831.2
4002450.2,5730269.5,8917929.0
2782499.8,3198362.2,3308551.2
14615125.0,13244998.0,11739145.0
10907044.0,10982554.0,10551285.0
42531750.0,37627296.0,33297838.0
2490510.8,2749434.5,3204961.2
2940388.8,3329447.8,3309852.2
4599024.0,6545020.5,7943083.0
2340805.0,2843193.5,3143227.0
12005351.0,10787526.0,9715597.0
2168952.8,2726489.8,2937579.2
8756143.0,8264121.5,7663739.0
3057316.2,3730899.8,4022573.8
25859864.0,23058368.0,20404858.0
12303561.0,11268627.0,10241799.0
4389514.5,4793291.5,4768381.0
2705333.8,3177246.8,3367676.8
4473514.5,4710342.5,4623309.0
15789513.0,15091907.0,13893049.0
3375703.8,6406768.0,8501791.0
21799728.0,19009078.0,16413340.0
2016572.4,3473204.5,5062341.5
1357466.8,2080997.0,2411847.5
2328466.2,3043355.0,3395589.5
2029340.6,3203996.8,4903806.5
9972412.0,9607270.0,8971434.0
3391518.0,4615317.0,5222230.0
4598129.5,7743848.0,10958666.0
255138290.0,239323170.0,227843970.0
4064454.8,5911124.0,6870957.0
226700860.0,209217330.0,188719060.0
30536928.0,27680392.0,24824074.0
298047.88,-30322.496,-309008.44
6039970.0,5983138.5,5699175.5
2788201.0,3621897.8,5243996.5
2380205.0,3017631.2,3383425.0
4983946.0,7106777.5,8099217.0
16982986.0,15303401.0,13704149.0
9141801.0,9258206.0,8679217.0
8746315.0,8108400.5,7332538.5
14399227.0,13217139.0,11698707.0
20496692.0,18472110.0,16376841.0
5919433.5,6008702.5,5853063.0
3699246.5,4034174.2,3986582.2
3545525.5,6219497.5,7779039.0
4629265.0,4945952.5,4772575.0
2923334.0,3645225.8,4112564.5
3236399.8,3597377.8,3663816.8
77206150.0,70744830.0,65729692.0
12656312.0,11887599.0,10674828.0
3766341.0,4223762.0,4419430.5
3065918.5,3150335.8,3025990.8
2397005.8,2890306.0,2964280.0
3170044.2,3402260.5,3506611.2
2051883.2,2544438.8,2712724.5
4920080.0,5259340.5,5067280.0
3499316.2,3244797.8,3785074.0
3280836.2,3420494.5,3455320.2
10026362.0,9575568.0,8791174.0
17494812.0,15866580.0,14335151.0
3155104.2,3776123.5,4331041.0
3133242.8,3431539.5,3532183.0
24813504.0,23354194.0,21407526.0
3039203.0,2147883.0,1313194.1
59646660.0,54810040.0,47287430.0
1856079.0,2508440.0,2865979.0
14458715.0,13755833.0,12656997.0
2042610.5,2700625.0,3022058.2
18783056.0,17120392.0,15249244.0
20931474.0,18484366.0,16325867.0
2904974.8,4542053.0,5647628.5
6999704.0,6815733.0,6344751.5
2244447.8,2542420.2,2522989.8
10519327.0,9694349.0,8801720.0
2782235.0,3387825.0,4811823.0
5355116.5,7940860.5,9203409.0
4656862.5,4628662.0,4190309.8
-986675.0,6674681.0,9783607.0
18856698.0,17399110.0,15854218.0
12635086.0,11477514.0,10512735.0
9024122.0,8764359.0,8102720.0
2381946.5,2958065.2,4132746.8
3138519.2,3961044.5,4483508.5
21464608.0,19499604.0,17432122.0
18719720.0,17220530.0,15591601.0
4983946.0,7106777.5,8099217.0
4568545.5,6399655.0,7500338.0
8150968.0,7960743.0,7425672.5
19231740.0,17139256.0,15067400.0
2894042.0,3314534.8,3492324.8
6633087.5,6644110.0,6457250.0
3549469.0,2692164.2,1983069.0
10512170.0,9446890.0,8587050.0
7705791.5,7480706.0,7048718.0
6309235.5,6250193.0,5882065.5
7616278.0,7504992.0,7101382.0
2108965.8,2133890.8,2154899.8
5853919.5,7462359.5,8192460.0
3336249.5,6564082.0,8511500.0
3806780.0,7956093.0,10277683.0
3005375.5,3867201.8,4192378.5
12260581.0,10928714.0,9718704.0
16716899.0,15834658.0,14463119.0
3324467.8,4709520.5,5308721.0
8119718.0,7748330.5,7191073.0
14334722.0,13575181.0,12373538.0
563229.06,1738413.6,6601230.0
18462384.0,16782718.0,14970271.0
2339737.8,2691202.5,2711077.5
26423814.0,23745560.0,21101342.0
18324730.0,16488420.0,15731837.0
11525143.0,12055946.0,11680387.0
2009360.9,2441713.2,2752011.0
2875359.0,2952120.0,2844637.0
10178337.0,9610714.0,8914584.0
3800223.5,5086503.5,5514435.5
31180516.0,27339506.0,23974438.0
47674020.0,42819244.0,38322508.0
4692559.0,4845744.0,4652539.5
4164099.2,4176756.8,3803787.5
3667954.8,5571412.5,8708348.0
18345708.0,17152604.0,15468012.0
2021328.2,3206365.0,4065141.0
2017163.6,1852131.4,1747445.6
-1450593.9,1919471.5,4219579.5
5477244.0,5637459.0,5413113.0
3625473.5,3881462.5,3945888.5
36298524.0,32761380.0,29345980.0
3040877.8,3503175.8,3557079.8
4852500.0,8485606.0,10585770.0
3803513.2,4007918.2,4020636.2
2253373.0,7751912.0,10023447.0
10965717.0,10386869.0,9257972.0
9918318.0,9156528.0,8325984.0
7066519.0,7220058.5,7452956.5
120280830.0,119135940.0,114047976.0
3137504.0,4961121.5,5841778.0
3095850.0,3592054.2,3720078.0
2214836.0,2636864.0,2680277.0
15072438.0,13978800.0,12796500.0
2271564.2,2814906.0,2938893.5
14518650.0,13279528.0,12047850.0
5959884.5,6363230.5,6210818.5
50535920.0,44473384.0,39265160.0
44439040.0,40472316.0,36536850.0
11664192.0,11384103.0,10482575.0
8418913.0,8681179.0,8501776.0
439314.1,-1226871.8,-2324566.2
14935928.0,14019017.0,12900017.0
2197337.5,1630962.6,1311338.6
2029119.0,2377317.5,2568578.2
8695091.0,8448672.0,7751702.5
2522336.5,3773184.0,5140672.0
2128942.8,2660985.5,2854117.5
37531420.0,33764740.0,30194164.0
6869751.5,13204136.0,16678420.0
271054080.0,240792290.0,237167680.0
23433488.0,21016684.0,18647358.0
3011418.5,3882789.8,5152092.0
6420881.5,6983240.0,6799165.0
2429785.8,3508402.0,7414023.0
8599886.0,7808741.5,7029896.0
2286755.2,2927824.5,4088447.0
10645359.0,9955531.0,9154965.0
7309144.5,7159527.5,6713761.0
6725533.5,6849281.0,6483726.5
1990151.2,2573234.8,2863467.2
25200338.0,22146372.0,19334124.0
2779165.2,2988046.5,2818126.0
16356757.0,15254587.0,13772193.0
4714822.0,7597403.5,9460261.0
230768900.0,223740620.0,209613010.0
6953778.0,7019677.5,6793435.5
5787336.5,12680693.0,16972650.0
22228152.0,21091920.0,19405944.0
119861920.0,113629750.0,105868410.0
20047866.0,32931660.0,36331844.0
34284030.0,31503876.0,30163152.0
9241701.0,7115235.5,6026286.5
25607108.0,22951640.0,20379436.0
24129782.0,21671946.0,19254916.0
3040877.8,3503175.8,3557079.8
8048552.0,7309288.0,6727667.5
12031589.0,11032688.0,10136403.0
6422963.0,10341811.0,11679198.0
6532823.0,6415911.0,6102011.5
18131248.0,16634198.0,14999019.0
10221804.0,9512669.0,8663353.0
13900325.0,13101797.0,12015613.0
1432769.4,1133069.4,893562.94
2304762.8,2772108.0,2842188.8
5144519.5,5111020.0,5051056.0
2642865.2,3542504.0,4687418.0
8447041.0,8264325.0,7765947.5
5595796.0,5741897.0,5490610.5
7610842.0,7905745.5,7584395.5
5250763.0,5700738.0,5718943.5
33499024.0,31069890.0,28317082.0
6972204.0,8865666.0,11645125.0
28803772.0,25935358.0,23131466.0
10887929.0,10421956.0,9645658.0
10419195.0,9797395.0,9094228.0
14668602.0,13778734.0,12755514.0
4415808.0,4720405.0,4643382.5
40305360.0,37416000.0,34174212.0
3302080.0,3316694.0,3155631.8
1470645.6,2557467.8,6719708.5
32037358.0,29788060.0,27175934.0
4520799.0,4948674.0,4957689.5
4063352.5,5194848.5,5532658.0
13505219.0,13419775.0,12582810.0
3592260.8,4234845.5,4190735.5
4532769.5,5020309.5,5031239.5
30135424.0,27037066.0,24074646.0
6843539.5,6611522.0,6078703.0
17237722.0,16125819.0,14609624.0
3424029.2,2553691.8,1886411.9
8055155.5,7698927.5,7311496.5
59707084.0,58063704.0,55074056.0
9415957.0,8744357.0,8079256.0
4589191.5,4779061.5,4876605.0
13020753.0,12239622.0,11327006.0
2965063.8,3194478.2,3133687.2
17118538.0,16647279.0,15470637.0
2520672.8,4145200.0,6470651.0
7652861.0,7124170.0,6283542.5
10489549.0,9771257.0,8931164.0
22449342.0,20264172.0,18047006.0
8529492.0,16078779.0,18767686.0
2681621.0,3226054.2,3331452.5
2261864.8,2761969.5,2987086.2
27343108.0,23619926.0,20473984.0
1725850.8,3016044.5,4030979.5
4786396.5,4978416.0,4860523.0
4702885.5,7658137.0,9156053.0
2089296.8,2592684.5,2790377.5
2879942.8,3682671.8,3975351.8
2803397.2,3386816.5,3593782.0
922331.06,-326818.8,-1022731.56
10040167.0,20189328.0,24180016.0
2634322.8,2733880.8,2599657.5
20330756.0,18418116.0,16493187.0
3718136.5,3895969.5,3941293.8
7744101.0,7660968.0,7170128.0
2809257.2,3195559.0,3321047.0
1049594.4,1055707.6,949322.75
20583436.0,18065764.0,15874827.0
23290740.0,22208894.0,20509890.0
23862072.0,21100946.0,18546562.0
1952040.0,3003355.0,3781344.8
3398174.5,4999405.5,8087026.5
538651.7,4123281.5,6965645.5
13272300.0,12706286.0,11623771.0
16423513.0,14927937.0,13449822.0
8121240.5,7387074.0,6624944.0
2565027.0,2943446.0,3175787.5
1898253.4,1886852.8,1880708.2
5662344.0,5370051.5,5511792.5
1877153.6,3192064.8,5337245.5
10066587.0,9442985.0,8726540.0
4427899.5,5957190.5,6626895.0
2092110.2,3353127.0,5528717.5
10801209.0,10327101.0,9407986.0
2600683.5,3542429.2,5874925.0
7984177.0,16804906.0,20701642.0
4984497.5,8342656.5,10087747.0
26021302.0,24310008.0,22193424.0
10969845.0,10239485.0,9329092.0
10107701.0,9331370.0,8698584.0
2361451.5,2754056.0,2943528.0
4583999.0,7046898.0,8280229.0
8874926.0,8544703.0,8064098.5
2516783.5,3473435.0,4039105.2
14969840.0,14015451.0,12664545.0
-304884.97,-47543.207,-120991.96
6086941.0,5808182.5,5381792.5
12178319.0,11214486.0,10204071.0
2149575.5,2641380.8,2869356.0
3095479.8,3973263.0,5102519.0
5361726.5,11432872.0,13914116.0
5517846.5,5269897.5,4983974.5
2369700.0,3001373.5,3241108.0
2850238.2,3564252.8,3858803.5
2073972.2,2224763.2,2207878.5
11108937.0,10790426.0,9813722.0
17673102.0,16471060.0,14850656.0
2954586.2,1925769.0,1378752.8
8263595.0,7906869.0,7295878.5
6854649.5,6703291.0,6307115.0
9477397.0,8577684.0,7626931.0
2901954.5,3754897.5,5287905.0
10232223.0,10041091.0,9264025.0
9721417.0,8857133.0,7973687.0
5986686.0,5901163.0,5645195.0
3982960.0,4267367.5,4279970.5
19001962.0,17237438.0,15514469.0
48493696.0,43342188.0,38669028.0
17834886.0,16172865.0,14427780.0
4210721.5,5421135.0,5751531.0
14050850.0,13016099.0,11813464.0
19018034.0,17735408.0,16149711.0
7809090.0,7574582.5,7151778.5
3538325.0,3806918.5,3933108.5
2518794.8,3037178.2,3105795.2
4185965.8,4711502.0,4852101.0
4125754.0,3806597.8,3697227.2
6248277.5,6289842.0,6008159.0
29722514.0,26672846.0,23754400.0
1995976.6,2857828.5,3402871.8
3475403.0,2819568.0,4854453.0
3806780.0,7956093.0,10277683.0
14849116.0,13494392.0,12243404.0
5107480.5,5039248.5,4732039.0
8651734.0,8321474.5,7693437.5
2803690.5,2844437.0,2562580.5
1374648.0,2094693.9,2420125.5
9465019.0,8997759.0,8297433.5
45989376.0,42833348.0,39243056.0
12550411.0,11743922.0,10589060.0
9915580.0,9103179.0,8200863.0
2795510.2,2003677.1,1598430.2
14195020.0,13099127.0,11928729.0
2949853.2,3306529.8,3537611.8
1947173.0,2444880.8,2672139.0
33484306.0,31022622.0,28251256.0
28670608.0,26136404.0,23513962.0
3782377.8,3462258.5,2983600.8
3040877.8,3503175.8,3557079.8
1866474.1,2246096.2,2338362.5
10503046.0,9743427.0,8798990.0
3395162.2,5260745.0,6363697.0
12555591.0,12156252.0,11201675.0
26760432.0,25686638.0,23847820.0
128019820.0,115580280.0,102807570.0
3288030.0,3582278.2,3612854.0
3208874.0,3663569.2,3765291.2
1754925.8,2517763.5,3024293.2
50112390.0,46322940.0,42262276.0
3109415.2,5275096.5,7495305.5
15432290.0,14511179.0,13240603.0
1671625.9,2185973.2,2480151.5
4515667.5,6578454.5,9476422.0
10375160.0,9974582.0,9224345.0
16373607.0,15409864.0,14042685.0
-1530355.9,1898225.5,4248629.5
20444988.0,18702298.0,16785218.0
4938031.0,5415478.5,5460108.5
1092488.5,1151637.4,1093879.1
2152236.0,2865638.0,4163015.2
1113349.9,1523180.1,4487783.0
8897148.0,8316216.0,7580748.5
3736106.0,4036108.0,4109736.2
24124702.0,21692232.0,19350778.0
5622187.0,8787285.0,10488543.0
4712248.0,4967788.5,4992565.5
10268566.0,9990815.0,9335620.0
439314.1,-1226871.8,-2324566.2
1986525.5,2675007.2,3512257.2
2278363.2,3314149.5,4341752.5
1712511.1,2029303.6,2092778.1
29454082.0,24613162.0,20718820.0
8441564.0,8194930.0,7574097.0
4602037.5,4674727.0,4682883.5
16645996.0,15995478.0,14754676.0
1872747.5,2414595.2,2735227.2
3494626.0,5623059.0,6697027.0
4063352.5,5194848.5,5532658.0
2946902.0,3211269.0,3131607.2
2324923.5,2891242.5,3085337.8
4011910.2,3488975.8,2995281.2
1764261.0,3225953.5,4027362.5
17480148.0,15893791.0,14121232.0
10279376.0,9919789.0,9163591.0
5212409.0,9550651.0,12155837.0
4837868.5,5091296.5,4912808.0
21963320.0,20333804.0,18411530.0
1549759.2,1900756.6,1938074.9
62349136.0,55648260.0,49676790.0
7472318.0,7516545.5,7279268.0
2926990.0,3290989.5,3270163.0
8787883.0,8192094.5,7479438.0
5892366.5,5440184.5,5216640.5
1946456.1,3196209.0,5837478.5
3232898.0,4895216.0,5633920.5
8048508.0,7494792.0,7015451.0
5401132.0,5379639.5,5236248.0
41418516.0,39201944.0,36662830.0
10599291.0,9952524.0,9285804.0
595619.56,2146975.2,3133968.2
66562176.0,59761296.0,53581092.0
2777925.5,3897123.5,4733937.5
3489146.2,2741106.8,2186547.8
2826531.2,2153414.0,1319615.5
4672230.0,7161166.5,8388695.0
1902072.4,2781172.5,6178685.0
5725822.5,5940050.5,5878882.5
2875860.5,3980355.5,4799752.0
4689150.5,7946943.5,9830731.0
3385602.2,3689743.8,3765041.8
32267256.0,76209704.0,88013450.0
36821780.0,32786984.0,29104448.0
4198961.5,3967341.5,3793113.8
18182134.0,18038062.0,16996246.0
9523357.0,8925492.0,8265535.0
2432407.8,2990005.0,3127567.8
1703325.2,2821937.0,5697638.5
1005151.2,2490756.5,3947803.8
8891291.0,7597369.5,6781673.0
21000186.0,20988880.0,19939370.0
2295683.2,2841214.2,3003182.0
3003854.2,3027364.0,5989187.0
12579295.0,11905805.0,10733375.0
7593826.0,7119417.0,6501318.0
22318784.0,20016568.0,17747480.0
36789590.0,33383258.0,30006008.0
14742483.0,14011595.0,12850677.0
2710737.2,3353414.2,3619228.0
4343878.0,4651845.5,4656341.5
4450777.0,5775765.5,6203226.0
5331718.5,5636708.5,5482209.0
3040877.8,3503175.8,3557079.8
10788686.0,10215167.0,9274041.0
2776827.2,3423921.5,3590972.2
5184815.5,5361730.5,5199847.0
3002784.8,3186631.0,3092435.5
4030227.5,4301653.5,4248084.0
19412580.0,17893988.0,16062561.0
4447269.0,3813643.0,3028071.2
3545481.0,3516767.8,3515364.2
3154662.5,2200092.0,1616816.2
15256416.0,13861299.0,12374975.0
7136830.0,6997140.0,6647629.5
8000514.5,7753178.0,7327176.0
17601866.0,16048183.0,14417886.0
92354670.0,82401150.0,73680150.0
1873620.8,2360814.0,2625003.0
3102638.5,2801038.0,2952735.0
7142468.0,7402151.0,7167526.5
78871304.0,71934860.0,65365020.0
2196643.5,2431555.2,2377416.0
9352851.0,8966127.0,8381993.0
-25907.121,-470955.97,-792486.6
25414032.0,22776356.0,20207468.0
2106015.5,2456507.8,2684208.0
10293758.0,9604618.0,8678687.0
2355020.5,3038577.5,4240330.5
2167262.0,2430270.8,2405822.8
4610792.5,4680226.5,4504024.0
628245.44,162374.67,-43609.375
6464546.5,6643510.0,6285100.5
11644886.0,10997459.0,10350544.0
11593886.0,10773790.0,9836588.0
2978563.5,2114427.5,1511492.1
6802090.0,6907792.0,6751030.0
12991899.0,12037474.0,10952337.0
15184839.0,14453981.0,13444917.0
22640088.0,20459012.0,18244404.0
8094822.5,7901313.5,7277374.5
4063352.5,5194848.5,5532658.0
2477058.5,3114480.5,3330793.5
10951629.0,10382365.0,9579516.0
10513917.0,10003857.0,9118713.0
9607159.0,9607571.0,8982972.0
2666788.0,3250941.2,3476424.5
7824360.0,7562748.0,6878094.5
2307307.2,2648996.0,2856923.8
9696046.0,9250193.0,8579440.0
14180492.0,13013941.0,11775526.0
4825378.5,5338633.5,6530685.0
868401.44,1531951.0,1866472.0
4063352.5,5194848.5,5532658.0
73465064.0,64777030.0,62673950.0
10866906.0,10839889.0,10191517.0
51025716.0,46843604.0,42933308.0
4063352.5,5194848.5,5532658.0
2876970.8,4047780.0,4965816.0
40797930.0,35709270.0,31352758.0
2521615.0,3102182.5,3241792.5
11618507.0,10604330.0,9537246.0
30791112.0,26564758.0,23227396.0
1381684.4,2635577.0,3334528.2
42242600.0,38905304.0,35369384.0
11990359.0,11181265.0,10348295.0
4425198.0,7222665.5,8725834.0
1990523.8,2642845.0,3012098.0
3764827.2,4847776.5,5213500.0
2610538.5,1826959.0,1444145.0
2300610.0,2997500.5,3331064.2
648692.6,995453.4,1102407.1
4661215.5,6156270.5,7338198.0
9946884.0,8993165.0,8093838.5
2585502.8,3346963.5,3733486.2
255368340.0,235710050.0,214346300.0
14272612.0,20694360.0,25279918.0
4348625.5,7136963.0,8720055.0
4805069.5,5921440.0,6292536.5
7140450.0,7032554.0,6719198.5
4349991.5,4426202.0,4406294.5
3086911.8,3328479.5,3449598.8
2076186.5,2475203.0,2531050.0
3098717.8,3701206.8,3888414.0
2598406.0,3330690.5,3583633.8
2052141.1,2462591.8,2585466.8
14115302.0,25355852.0,28898690.0
33709910.0,31861128.0,29384466.0
4122740.0,2565701.0,2882713.2
23013708.0,21074998.0,18955658.0
1595767.2,1955361.8,2100362.2
45572760.0,41171276.0,36976130.0
2100944.2,2600485.2,2764295.2
-191874.58,-694327.9,-1035096.94
2605981.2,5195710.5,7146199.0
5430520.5,12859724.0,17295846.0
2978069.5,3673617.5,4387904.0
3237304.8,-114751.055,-2516831.8
5636964.0,5739331.0,5372712.0
11602613.0,11020191.0,10272016.0
3816666.5,3799924.8,3792670.2
2935357.0,3650899.5,4437674.0
9677401.0,9468636.0,8791065.0
15739272.0,14645172.0,13340045.0
3284104.2,3797136.2,3899565.2
9440831.0,8899831.0,7971170.5
14785724.0,13831109.0,12722987.0
4598129.5,7743848.0,10958666.0
8934078.0,8777947.0,8284529.0
3432964.0,3555611.8,3451062.8
64464350.0,65392150.0,54208210.0
108433010.0,98969540.0,89961260.0
18345842.0,16882190.0,15283236.0
2258093.5,2822583.0,3078985.2
2682476.8,6056937.0,8108748.0
18645372.0,16691948.0,14785444.0
3002784.8,3186631.0,3092435.5
4983946.0,7106777.5,8099217.0
7419554.5,7128325.0,6599409.5
2098687.2,2493939.0,2757315.2
24730946.0,22857064.0,20704720.0
215436800.0,192898770.0,174222820.0
1972607.8,1530933.5,1329825.1
18567740.0,17173132.0,15672949.0
11858943.0,11087214.0,10099830.0
6245180.0,6417956.5,6197495.0
34112580.0,30943428.0,27798638.0
2671210.2,3475241.0,3827718.2
8495891.0,8079796.0,7528052.0
1167269.2,1249580.2,1197402.1
2001590.5,3098939.0,4976343.0
5124112.0,4808696.5,4524333.5
1632863.4,1864485.1,1976629.8
9370904.0,16115646.0,18500338.0
3898341.0,4032778.2,3847447.0
13906329.0,14524376.0,14219361.0
2815881.2,3373811.2,3562340.8
1998806.5,2353259.5,2436879.2
4774639.5,4852240.0,4661092.0
2374528.2,3097522.2,4204640.5
6413894.0,6068684.0,5604568.0
4819227.5,5353135.0,5362346.0
3216108.5,3503974.5,4448608.5
17013754.0,15443697.0,13873285.0
15626974.0,14888632.0,13612065.0
28732384.0,26150128.0,23498496.0
3129293.2,3126175.0,2952641.0
305225200.0,273812350.0,252771020.0
11388175.0,10944410.0,10274194.0
5935020.0,6208332.5,6069244.5
14846130.0,13385100.0,12097142.0
7075863.0,6843443.0,6489681.5
2720566.0,3803702.2,4420287.5
16031536.0,15067228.0,13678977.0
18050386.0,16564141.0,14908406.0
7636064.5,7915889.0,7715407.0
78224520.0,71119850.0,64865380.0
5344630.0,5242988.5,4980679.5
3061926.0,3500694.5,3687200.2
68985940.0,61847292.0,55412930.0
12535183.0,11573094.0,10381832.0
8449448.0,8162751.5,7605440.0
15493973.0,14132533.0,13032935.0
1871516.6,3073027.5,6813956.5
4256649.0,7738382.0,9821025.0
33897068.0,30755630.0,27628726.0
9129710.0,8230769.5,7491811.5
3769577.8,3890819.8,3858813.8
3334649.5,4064791.2,4170767.2
3549914.8,4965535.5,5575466.5
4063352.5,5194848.5,5532658.0
13974372.0,12371271.0,10856856.0
1872427.6,2423773.2,2710622.5
4188529.0,4976492.0,5112166.5
5052055.5,13229268.0,17589976.0
12515615.0,11641386.0,10715109.0
8054921.0,7956282.5,7602216.5
33169886.0,30332854.0,27388610.0
20916038.0,19060196.0,17219058.0
2343174.0,3053980.5,3443648.0
10055895.0,9885703.0,9240565.0
29870652.0,27077186.0,24276852.0
6875862.0,6067840.5,5242856.0
23015786.0,20466210.0,18144540.0
11691086.0,11211053.0,10256231.0
2924400.5,4030696.5,4780283.5
3023600.5,3667880.8,4219336.0
3225724.5,2352218.2,2485956.5
2383211.0,2485235.0,2535629.8
10088374.0,10244082.0,9683260.0
18601182.0,17213916.0,15625369.0
16227217.0,14563039.0,12732418.0
3966008.8,4278432.5,4345846.5
7041584.0,6615408.5,6167742.0
16777340.0,15393139.0,13947657.0
3742403.5,5026838.0,5605591.0
23761172.0,21139756.0,18681094.0
7317083.5,6703314.5,6164775.5
4688428.5,4579713.5,4537988.0
12042023.0,11239898.0,10238202.0
3201964.5,4852217.5,5902513.0
4972718.0,5182980.0,4916247.0
7576699.0,7433452.5,7033956.5
2638729.5,3035252.8,3228750.5
4279872.5,7423201.5,9359891.0
1831614.8,2550174.0,3777434.8
18309184.0,16967668.0,15284190.0
2685051.8,2845009.0,3203928.2
2918698.2,3349804.5,3524799.8
26444048.0,24535894.0,22201646.0
11620890.0,11287215.0,10540864.0
3615019.2,3748813.8,3459282.2
2060213.0,2439400.8,2477050.0
10459899.0,9637997.0,8808061.0
2204275.2,3246713.8,3857974.2
5931898.0,5070570.5,4300833.5
1860158.8,2639140.2,4438000.0
1324801.0,1866710.2,2050790.5
3478517.0,4966566.5,6637825.5
26666664.0,23840690.0,21134992.0
16589768.0,15713543.0,14382393.0
7905269.0,10665843.0,12768592.0
2044447.2,2381173.0,3599763.0
831865.8,1885307.0,2610466.5
45242320.0,41108704.0,37059188.0
3026641.5,3436149.2,3348715.0
3915051.0,5011592.5,5350884.5
2296407.2,2797573.0,2908637.8
21729188.0,20978244.0,20434646.0
3460576.2,4533631.0,4973039.5
4887690.5,8477156.0,10537781.0
2966010.2,3176877.0,3790098.5
2560121.0,3318686.0,3609794.2
2290743.5,2103509.2,1720033.1
20083548.0,18019718.0,16143667.0
7983560.5,7864375.5,7506319.5
6070054.5,6285019.0,6043086.5
25570946.0,24606156.0,22937210.0
3193958.8,4711735.5,6102369.0
2393028.5,2751107.0,2679402.2
25592140.0,23514132.0,21194776.0
1279931.1,1558322.6,1695062.1
12022150.0,11355785.0,10399344.0
24595318.0,22125090.0,19720818.0
1392655.4,2084731.6,2382073.8
9736473.0,9398584.0,8791236.0
31329240.0,29713358.0,27444852.0
1761242.4,1466928.8,1515704.1
2006324.0,4343492.5,7348357.0
2392792.8,3192659.5,6025778.0
4225305.0,7004678.0,8605738.0
2880050.5,3355202.0,3495072.2
31269662.0,29146850.0,26630008.0
52175988.0,46979612.0,44954588.0
4835499.0,4867008.0,4781388.0
4920385.0,7937965.5,9509143.0
1997814.6,2176682.2,2061177.6
80219190.0,73339250.0,66683200.0
156793.28,-155581.42,-376529.8
18806624.0,16945344.0,15376852.0
51671404.0,47283024.0,42867220.0
8804228.0,15028961.0,17310666.0
3233666.0,3787303.8,4013604.0
1806596.2,2037439.1,1976407.8
14126703.0,12789512.0,11519147.0
27025460.0,22770828.0,19361892.0
3834044.8,3940643.8,3751798.2
2631749.2,3252462.0,3530250.2
7865165.5,7447677.5,6894691.5
5958313.5,5706693.5,5854272.5
14771638.0,24878286.0,29090522.0
3035305.2,3733256.0,4019121.2
1262087.9,1727745.4,1883586.8
5102517.5,9001819.0,11326513.0
5815618.5,5761343.5,5515589.5
3575619.0,3739371.2,3791261.2
32558560.0,28520652.0,24997484.0
18461152.0,16516053.0,14809947.0
28476884.0,26169384.0,24301780.0
2546807.8,3567876.0,4007047.8
4717429.5,7523052.0,8994401.0
945172.25,1207600.1,1423302.4
8655739.0,8369847.5,7754987.5
6768521.0,6311093.0,5852113.5
4557777.0,5946780.0,6439030.0
1414942.8,1297657.1,5545836.5
2238873.5,2249771.0,2214614.2
1457038.5,1837484.4,1926226.0
41126.492,33362330.0,63389830.0
3690232.8,4048946.5,4144786.0
11076627.0,9915558.0,8687749.0
17481982.0,16299380.0,14739250.0
21834480.0,20938630.0,19371876.0
17665740.0,17363906.0,16597962.0
1647423.6,3498655.2,6675071.0
17529234.0,15819791.0,14059179.0
4230431.5,4230612.5,3929750.5
2433474.2,2936116.5,3010578.5
20302430.0,18421966.0,16451670.0
3313052.2,1979250.0,1173992.1
13495203.0,12376205.0,11207698.0
1791595.2,2463462.0,2907320.8
4142397.2,4799635.0,5010543.0
2009893.1,2582398.2,2924296.8
6373435.0,5859364.5,5440188.5
5544828.0,5611849.0,5447360.0
65217190.0,64526708.0,61612556.0
1798270.4,2432154.5,2686604.0
15487.958,88985.78,-149288.12
1350174.6,1975994.0,2226524.0
26903180.0,43926484.0,47089040.0
2710227.0,3109832.8,3095104.5
24098398.0,20981854.0,18301880.0
16136439.0,14890745.0,13406343.0
22435678.0,21042974.0,19993410.0
3016583.2,3288358.8,3364429.5
4215227.0,4812902.5,4929834.5
15365275.0,14484688.0,13140710.0
67574424.0,62078904.0,56710616.0
1617895.2,1939062.1,2138529.5
3040877.8,3503175.8,3557079.8
741433.4,2128993.0,2991432.5
15976982.0,14112567.0,12521339.0
1939161.5,2334723.5,2611857.5
2325229.8,3169323.2,4044441.8
7026799.0,6473325.0,5899170.5
1883782.5,2334874.0,2503980.5
2445312.8,3614131.0,5702131.0
18404192.0,16786574.0,14999508.0
2781514.2,3705994.8,5452913.5
10276110.0,9578068.0,8722497.0
4303435.0,6869986.0,10698256.0
8265668.0,7689856.5,6872339.0
4063352.5,5194848.5,5532658.0
14518755.0,13765788.0,12841183.0
1913657.2,2821785.0,3670748.0
2417039.2,3157593.5,3729464.0
2928838.8,3471210.2,3599267.2
16167775.0,14653921.0,13211617.0
16704011.0,15762652.0,14483735.0
4354009.5,4642028.5,4642345.0
1799118.6,1580563.4,1507657.8
49844856.0,44220972.0,39262044.0
73783470.0,65518750.0,58345684.0
23189344.0,21081662.0,18872886.0
5939958.5,6009223.5,5924218.0
27904542.0,26487418.0,24444226.0
5818955.0,5501967.0,5249705.5
13583072.0,12218360.0,10930436.0
32913104.0,29482008.0,26247114.0
2546744.8,2693821.8,3220647.5
2643855.8,1646782.8,921825.8
11631419.0,11030434.0,10090572.0
3370712.2,5637895.5,6829861.5
3937897.8,3624964.0,3410408.8
18971050.0,17483060.0,15864961.0
4750384.5,5146181.5,4953251.0
3804079.5,4040386.0,4034434.5
13245604.0,11834491.0,10624284.0
6922784.5,6552062.0,5945841.5
9719093.0,9511597.0,8788495.0
8135068.0,7783192.0,7187614.0
2609463.5,3702188.2,5692962.0
4549799.0,7605779.5,9362044.0
5419676.0,6167316.5,6197470.5
12209926.0,11371069.0,10379244.0
3888969.8,2899301.5,2373857.2
10711695.0,9849683.0,9140392.0
155841.02,10537607.0,20055028.0
1909534.2,1839924.5,1690822.1
2338143.0,4432142.0,5602265.0
7965351.0,8142314.0,7820726.0
4651627.0,5393046.5,5445873.5
23039732.0,20512062.0,18096006.0
5806255.5,5774530.5,5512889.0
2551684.0,2621946.2,2509315.5
2673101.5,3113727.5,3202319.8
7043724.5,6981663.0,6521757.0
1618155.2,2436695.5,3418437.2
2938168.5,3524873.2,3554416.5
8094592.0,7745865.0,7331863.5
12963856.0,12273329.0,11080384.0
4311162.0,6179816.5,7132428.0
10997102.0,10463644.0,9600060.0
7768546.5,7153087.5,6241013.0
11465523.0,11098430.0,10178059.0
4386877.0,5581912.0,5964400.0
8144633.5,16392677.0,19854262.0
3706600.2,6482636.5,8172430.5
4787933.5,6215010.5,6757821.5
3432964.0,3555611.8,3451062.8
9512230.0,8883427.0,8116048.5
33638840.0,29570808.0,25935534.0
3002784.8,3186631.0,3092435.5
278266.84,-54970.918,-333695.94
5639764.0,5163019.5,4826661.5
32830904.0,28841438.0,25337804.0
6464775.5,6310430.0,5764641.5
2902945.8,3341624.0,3519496.2
2129957.0,3037132.0,3733108.8
3517100.0,3784602.0,3882852.2
3432964.0,3555611.8,3451062.8
1659250.5,2047217.1,2347865.2
3940638.5,4202812.5,4156811.2
2502950.2,3649821.2,4708796.5
14524514.0,13845411.0,12635186.0
4423284.0,4662880.5,4658319.5
3432964.0,3555611.8,3451062.8
5250225.0,9289928.0,11704442.0
1953197.6,1214522.2,893029.0
3520904.2,9193586.0,12490281.0
1715679.4,1901393.4,2241380.5
5771576.0,5735604.5,5456864.0
44408650.0,39765164.0,35499320.0
4131991.2,4179021.8,4213163.0
16389693.0,15208555.0,13911356.0
1982115.9,2304515.2,2489317.0
1990939.2,2484684.0,2672599.8
3083410.5,3809606.0,4093265.2
4223354.5,9299091.0,11871021.0
37574076.0,33569690.0,29878886.0
11991037.0,11137328.0,10175925.0
-147581.52,-1224055.8,-2102551.5
52035270.0,48122384.0,43929360.0
3002784.8,3186631.0,3092435.5
4480311.5,9904775.0,12835997.0
24966344.0,22336758.0,19777206.0
5253745.5,4782572.5,4536834.5
8188474.5,8002978.5,7524322.0
2548585.2,3222782.0,3461139.8
13828125.0,12723997.0,11476795.0
13825002.0,12706835.0,11590926.0
11465737.0,10804051.0,10069085.0
3108612.2,3904444.8,4125365.2
57543604.0,52094484.0,46926676.0
4737769.5,5120129.0,5089322.0
2188397.0,4249750.0,7802145.5
5677253.0,5813963.5,5507992.5
3656870.5,5831156.5,8010274.0
24891688.0,23520958.0,21585854.0
1913352.4,1991882.4,2122047.2
4336707.0,4166411.8,4052702.8
8891129.0,8410713.0,7752841.0
1350174.6,1975994.0,2226524.0
3361944.5,7426809.5,11756642.0
2148431.0,3642774.0,6703012.0
1350174.6,1975994.0,2226524.0
39714124.0,36530092.0,33164850.0
3184922.2,3618522.2,3757581.2
8567283.0,7878523.0,7250212.5
59790160.0,56832228.0,53210060.0
25154132.0,22285870.0,19596682.0
2360951.2,2978964.0,3205530.8
3857143.8,7545427.0,10102619.0
22677388.0,19910102.0,17634186.0
2438557.0,2985213.2,3108554.2
9216855.0,8774732.0,8108373.0
2536166.0,2085622.8,1550320.2
-35549.17,-485566.9,-810081.56
6130100.0,6678932.5,7670886.5
107606640.0,105400480.0,100165480.0
1626457.9,2442187.8,2822195.2
2546042.8,3282019.0,5542949.0
49957610.0,44908770.0,40229664.0
3534667.5,4372910.0,5003263.5
2573860.8,4911187.5,6248363.5
4042665.8,7256354.5,9346914.0
27991742.0,24927386.0,22057844.0
7620984.5,7762642.0,7282833.5
1869271.9,2884334.5,3676513.0
27884948.0,25430266.0,22856896.0
1647668.5,2311070.5,2834264.2
3316309.8,4024972.5,4310574.0
2819816.2,3156654.5,3453248.8
1763603.1,2161824.8,2304083.2
2988297.2,3889478.2,4264399.5
3045298.0,3767618.8,3927769.5
1866289.0,3567717.5,6210213.5
2947298.0,4593750.5,5698874.5
16577659.0,27778206.0,33444798.0
5756033.5,5583905.0,5286883.0
8685641.0,8120200.5,7482180.5
10266277.0,9598736.0,13161035.0
69934350.0,63627440.0,57771710.0
4275419.5,4401647.5,4149488.8
1457038.5,1837484.4,1926226.0
2692956.0,3503620.2,5756188.5
7230625.0,7287433.5,6978690.0
3786304.0,5539616.0,6567282.5
1350174.6,1975994.0,2226524.0
774050.5,635388.7,440529.16
2775652.2,2631797.8,2622933.0
26330270.0,24015678.0,21566160.0
4672898.0,4916013.5,4854842.0
1844392.6,2155302.0,2389502.2
1350174.6,1975994.0,2226524.0
2454228.8,1978386.8,1948562.8
4074862.0,6144764.0,7266761.5
2484450.0,2914728.2,2979481.0
2032132.1,2431963.5,2501048.5
3159642.8,3517125.0,3597358.5
3129293.2,3126175.0,2952641.0
3790501.5,4170075.0,4357146.0
6861362.0,6046401.5,5576422.5
3888902.2,4178482.0,4159027.8
2415841.5,3182929.2,5142901.0
2302547.5,2779148.5,2860426.0
2348307.2,6665354.5,9375290.0
66367070.0,63122140.0,59486212.0
15839888.0,14594265.0,13229473.0
45629940.0,40359370.0,35732176.0
15241847.0,14380253.0,13110104.0
8785847.0,8082162.5,7416469.0
4381965.0,4792228.5,4826994.0
3290830.0,3482616.2,3603586.2
3275383.8,4110663.8,4330077.0
-565434.56,-137022.55,-60761.06
5485664.0,6000845.5,5902645.5
2470482.2,2796895.8,2745300.0
8545442.0,8191219.0,7668507.0
16861268.0,15476442.0,13976111.0
239462.02,179883.14,-176927.25
6238372.0,6277590.5,6080888.0
1920776.0,2445832.2,2745254.5
2079206.0,2457711.5,2489275.8
6466494.5,6505685.5,6158124.5
5221470.0,5415770.5,5343601.5
5585173.5,5883443.5,5926942.5
8919131.0,8394102.0,7744195.0
-911527.1,-223965.27,74347.43
2802693.2,3331477.2,3485284.8
12527779.0,11234803.0,10140190.0
4834985.0,5538399.5,5520879.5
3831413.5,4302647.0,4427614.0
5636617.5,5716962.5,5613378.0
1905097.6,2420006.2,2656087.2
4202026.5,5640758.5,6200039.5
3437991.5,2865342.0,2871172.0
24807286.0,21357832.0,18429988.0
3219605.5,3963090.5,4114254.8
9853175.0,9123617.0,8422545.0
53116140.0,47421590.0,42304596.0
2778381.2,2761401.0,2779073.0
2444201.2,3048934.2,3237069.2
11647425.0,10943697.0,9800968.0
2481267.5,6103678.0,8610809.0
11200385.0,10735317.0,10037491.0
4780769.0,8445286.0,10528584.0
20550232.0,17925436.0,15742261.0
2357880.8,2667934.2,3626282.8
3565239.2,4719145.0,5221712.0
2112743.2,1970792.2,1859666.9
2074744.9,2474718.5,2532061.8
122054630.0,115053740.0,106711896.0
32954468.0,28829492.0,25248092.0
-149915.2,2572619.2,5717915.5
55407748.0,49897196.0,44782104.0
3196435.5,2334883.2,1662964.8
10224644.0,9835908.0,9092113.0
1427904.4,1455500.2,1311838.4
2456685.5,2963379.2,3035987.5
17807764.0,15730922.0,14009784.0
33392336.0,30610246.0,27686490.0
2348236.5,3102465.2,3488250.5
6773988.5,7041055.5,6854071.0
1867558.6,2405117.5,2674960.2
8629267.0,8496898.0,7749068.5
51103090.0,45306670.0,40215400.0
4778210.5,7581776.5,9010687.0
16374554.0,15139275.0,13905888.0
1821639.6,2136349.8,2166958.8
3125391.8,3209465.5,3183726.8
2311365.0,2863613.2,3105493.0
4164835.2,6991847.0,8652273.0
2680496.2,3583252.5,3922188.0
11135576.0,15067696.0,17166370.0
12639262.0,11798901.0,10852352.0
1365966.1,2727347.0,3502137.2
13356301.0,12689409.0,11602466.0
8788618.0,8286961.5,7459723.5
7961058.0,14469585.0,17020208.0
7168061.0,6566247.5,6188107.5
61078748.0,58979790.0,55453664.0
3129293.2,3126175.0,2952641.0
16650391.0,15514975.0,14126847.0
19564110.0,18242092.0,16576862.0
992352.06,921098.1,742289.2
18996196.0,17181960.0,15420257.0
2101428.0,2721997.8,3068296.2
3561736.2,5716535.0,8552430.0
14983260.0,14171314.0,13179180.0
2337720.5,2767938.8,2786384.5
1008813.44,1022892.94,937004.75
1697653.1,2366511.5,5272733.0
4443982.0,4678865.0,4606875.5
15940628.0,15054049.0,13782202.0
6599745.0,6322902.5,5889656.5
397065.72,-767043.94,-1528946.1
14663324.0,13897447.0,12617792.0
3264916.5,3518366.8,3621778.2
3789352.2,6757408.5,8432900.0
8135367.0,8072500.5,7675397.5
11083462.0,11028859.0,10535002.0
7695639.0,7391953.0,6926545.0
2152226.5,2673903.5,2970010.2
6501365.0,6177228.5,5814288.0
3071562.5,6480690.5,8514138.0
3369824.5,3760894.8,3847490.5
1588536.6,2207617.2,3338084.8
160901360.0,161034770.0,154167900.0
5706049.0,6825481.0,7191754.0
3582220.5,3752273.0,3860014.0
98457570.0,91435350.0,84515544.0
55955892.0,53470960.0,50131148.0
3268594.8,4147050.2,4417701.5
4497268.5,6458886.5,7730070.5
19046340.0,17611666.0,15882403.0
2101658.8,2758494.2,3101861.0
7366337.0,7213210.5,6869459.0
13041757.0,12152132.0,10917711.0
2674007.0,3512275.5,5100881.0
2643855.8,1646782.8,921825.8
19014640.0,17524590.0,15741228.0
26144500.0,22589496.0,19521824.0
4063352.5,5194848.5,5532658.0
11295494.0,10412000.0,9521471.0
8554267.0,8386502.5,7829601.5
4858320.5,10255075.0,12964946.0
1854350.4,2294301.8,2458899.0
2493220.0,3264169.5,5967754.0
13143238.0,11761384.0,10453727.0
1723942.5,2073488.1,2054262.2
2948050.2,7085525.5,9740110.0
16082615.0,14409037.0,12983835.0
475668.38,333601.25,218202.67
4332749.0,5992565.5,6812679.0
11108149.0,10452458.0,9707364.0
44868800.0,40047596.0,35670372.0
2208527.2,2023376.8,1915584.6
1299792.4,2899480.2,7115582.5
11526439.0,10721258.0,9779769.0
23417210.0,21747276.0,19749254.0
5340108.0,5824061.0,5652318.5
4228017.5,5905438.0,7294240.0
14296524.0,28309772.0,32505612.0
11061624.0,10596272.0,9783442.0
5786396.5,5724477.5,5401065.5
15634570.0,14483209.0,13167478.0
14369908.0,12738255.0,11440980.0
12286496.0,11515808.0,10565294.0
7235832.0,17418392.0,22029598.0
36228020.0,33434762.0,30347772.0
26104600.0,23326024.0,20658382.0
4323900.5,4512061.0,4459228.0
12127856.0,11901857.0,11048448.0
92376380.0,84645040.0,79438300.0
1698385.0,2243148.8,2552917.0
26159678.0,24461864.0,22345486.0
3183614.2,3432086.0,3637912.5
3035670.0,3615643.5,3804247.5
1970228.4,3249951.2,4635291.5
5082338.5,5354250.5,5340899.5
5355116.5,7940860.5,9203409.0
8003157.5,7762490.0,7496051.5
16702868.0,15301347.0,13614986.0
76276080.0,75609530.0,73358170.0
11367823.0,10410027.0,9398936.0
3159642.8,3517125.0,3597358.5
21863314.0,19536138.0,17342492.0
2544332.8,3115173.8,3293971.5
7180035.5,7538631.0,7270624.5
5362904.5,4986477.5,4764040.0
28351034.0,25796194.0,23171108.0
3280232.0,3568217.0,4613979.5
1479228.1,2561383.5,6685694.5
4211821.0,5636501.5,6428537.5
27781068.0,24503204.0,21540856.0
23683214.0,21229170.0,18795910.0
22071044.0,19972200.0,17805708.0
2246523.2,2667153.8,2700118.5
10226734.0,9632933.0,8902851.0
7381152.0,7119922.0,6690126.0
29265902.0,25744270.0,22603936.0
4887690.5,8477156.0,10537781.0
2254852.5,2497111.0,3219655.8
1952408.9,2414513.2,2577034.0
4676440.0,4819336.5,4593433.0
-191874.58,-694327.9,-1035096.94
3972282.0,4019422.5,4253099.5
3078811.5,4218472.0,4723383.0
3698777.5,5548810.0,6458037.5
3129293.2,3126175.0,2952641.0
36391596.0,32789890.0,29341212.0
2266449.0,2816109.2,2990962.2
1864098.0,8887830.0,14730919.0
4991204.5,6280293.5,6648210.5
7249284.5,9099572.0,9792050.0
13028163.0,11781196.0,10478856.0
2596864.0,2987831.8,3003313.5
14255985.0,13394945.0,12243822.0
12991961.0,12443457.0,11520691.0
3665059.2,3758369.8,3618689.5
12081613.0,10425330.0,9143498.0
14822950.0,13451459.0,11847397.0
4370164.0,4144602.8,4005346.2
1835570.6,1892464.9,2010757.6
5092319.5,5209404.5,4990677.5
21242162.0,19224016.0,17090680.0
14929867.0,13837044.0,12371508.0
2866999.0,3444143.2,3640087.2
4317338.5,7044619.5,8692183.0
4773305.5,5303075.5,5472774.5
3147794.5,3927023.0,4118023.2
1449648.2,2577881.0,6753348.0
3113245.2,3507975.8,3669933.8
3858882.0,4356512.5,4448314.5
240261740.0,221296960.0,199101330.0
2454070.8,2803888.0,2814974.0
48559308.0,42938012.0,38026012.0
6756400.0,6873227.0,6697808.5
4419549.0,6416507.0,7334497.0
2209110.8,2620563.5,2653490.8
5786237.5,5640317.5,5197368.0
12625285.0,11773167.0,10759211.0
2264928.2,2636816.0,2564466.5
9203763.0,9210726.0,8738424.0
145384480.0,132611640.0,120539610.0
4358473.0,5755553.0,6396186.5
3812064.8,4167341.2,4237968.5
4259567.5,5707705.0,7060964.5
2408472.0,3530351.5,5256908.5
4329447.5,8941531.0,12216057.0
13218294.0,11953519.0,10650214.0
2973818.5,3307292.0,3270640.0
7302143.5,6659795.0,5886420.0
882565.6,1460071.2,3419796.8
2067354.5,2608670.5,2829604.2
8868870.0,8501676.0,7953939.5
4111861.8,4245988.0,4192107.8
880390.8,1543527.1,1871557.4
25860264.0,22658264.0,19911714.0
12942918.0,11780182.0,10657353.0
18041764.0,16258757.0,14408906.0
6831745.0,6503798.5,6029356.5
23278716.0,21207190.0,19014646.0
11593380.0,10469465.0,9422797.0
4316795.5,4622726.5,4557905.5
11338010.0,10480929.0,9462126.0
2235049.8,2647506.0,2674334.0
2164777.2,2723508.0,2937128.2
7354906.0,7282745.5,6894039.0
21585166.0,20201044.0,18390480.0
3523619.5,3785214.5,3835132.8
37625604.0,34110564.0,30598330.0
1931499.2,2652737.2,3192812.5
6209027.5,6446286.5,6277479.5
1291788.0,1308434.4,1419084.9
2499336.0,1746274.6,1218155.0
1958483.4,195658.39,-1251881.1
2730840.2,3656286.8,5764999.5
1748491.5,2244229.0,2502150.0
56997300.0,49555984.0,46434560.0
25754710.0,23707196.0,21433324.0
2947298.0,4593750.5,5698874.5
2558209.2,2338540.8,2225632.8
2929864.0,3655810.5,4506936.0
4565217.5,6328597.0,7091392.0
2268536.0,2767331.2,2911481.0
5193831.5,5538545.0,5479690.0
2580904.5,2949939.8,2929986.5
4494981.5,7680780.0,9414291.0
16854654.0,15916622.0,14574533.0
10787874.0,10585414.0,9980934.0
2408745.8,2987559.5,3155977.8
2585165.2,2817939.2,3141226.5
13763060.0,13691996.0,12876665.0
20222196.0,18881642.0,17165170.0
3159642.8,3517125.0,3597358.5
16477773.0,14879128.0,13320726.0
2055394.2,3505435.8,6549370.0
20096318.0,17290506.0,15145246.0
13689580.0,12490284.0,11316539.0
2008248.1,2553573.5,2795600.5
5291081.5,5141054.0,4961978.0
2507683.8,3187645.2,3444018.0
63335730.0,58895948.0,54045740.0
1577289.9,2640483.5,6607520.0
104882270.0,93757140.0,83986190.0
2095229.0,2837754.2,3859415.5
-1952001.4,7582698.0,10654962.0
2518861.8,2354831.2,2163977.5
6811577.0,6460441.5,5856765.0
38080504.0,33735044.0,29840874.0
5274831.0,5351520.5,5145467.0
2501470.2,3169205.8,3413341.8
3279159.0,3510608.5,4380893.0
5111305.0,10437162.0,14729289.0
10966736.0,10474057.0,9591367.0
10811873.0,9666752.0,8777665.0
1782705.9,977587.3,620712.94
7335801.5,7749976.0,7444850.0
103812900.0,99869780.0,94406010.0
1245743.8,1709823.1,1882115.9
7373833.0,7604550.5,7319220.0
2783907.5,3353332.5,3452199.2
2226962.2,2796590.5,3089973.0
2852982.8,3291857.8,3483474.5
17012410.0,15444645.0,13837771.0
4472328.0,4791041.0,4748318.5
4287683.0,4532619.5,4485152.5
20630542.0,19293000.0,17565094.0
11888799.0,11356814.0,10325337.0
3047806.2,4794392.5,5675852.0
5615290.5,5929615.5,5744626.5
